{"cameraMode":{"drawMode":0,"name":"Shaded","section":"Shading Mode"},"sceneLighting":false,"audioPlay":false,"sceneViewState":{"m_AlwaysRefresh":false,"showFog":true,"showSkybox":false,"showFlares":true,"showImageEffects":true,"showParticleSystems":true,"showVisualEffectGraphs":true,"m_FxEnabled":true},"in2DMode":false,"pivot":{"x":-0.09904193878173828,"y":1.6260700225830079,"z":-0.018520355224609376},"rotation":{"x":0.00430858600884676,"y":-0.931606650352478,"z":0.3634832501411438,"w":0.011196168139576912},"size":3.630268096923828,"orthographic":false}