{"cameraMode":{"drawMode":0,"name":"Shaded","section":"Shading Mode"},"sceneLighting":false,"audioPlay":false,"sceneViewState":{"m_AlwaysRefresh":false,"showFog":true,"showSkybox":false,"showFlares":true,"showImageEffects":true,"showParticleSystems":true,"showVisualEffectGraphs":true,"m_FxEnabled":true},"in2DMode":false,"pivot":{"x":0.1747986078262329,"y":1.4872164726257325,"z":-0.44380927085876467},"rotation":{"x":0.14158108830451966,"y":0.8282485604286194,"z":-0.24158747494220735,"w":0.4853989779949188},"size":4.214862823486328,"orthographic":false}