{"cameraMode":{"drawMode":0,"name":"Shaded","section":"Shading Mode"},"sceneLighting":false,"audioPlay":false,"sceneViewState":{"m_AlwaysRefresh":false,"showFog":true,"showSkybox":false,"showFlares":true,"showImageEffects":true,"showParticleSystems":true,"showVisualEffectGraphs":true,"m_FxEnabled":true},"in2DMode":false,"pivot":{"x":0.002750180196017027,"y":0.016646448522806169,"z":-0.0075926026329398159},"rotation":{"x":-0.06512521952390671,"y":0.7009670734405518,"z":-0.06453109532594681,"w":-0.7073028087615967},"size":0.03351873159408569,"orthographic":false}