{"cameraMode":{"drawMode":0,"name":"Shaded","section":"Shading Mode"},"sceneLighting":true,"audioPlay":false,"sceneViewState":{"m_AlwaysRefresh":false,"showFog":true,"showSkybox":true,"showFlares":true,"showImageEffects":true,"showParticleSystems":true,"showVisualEffectGraphs":true,"m_FxEnabled":true},"in2DMode":false,"pivot":{"x":23.979999542236329,"y":-4.827500343322754,"z":-1.1920928955078126e-7},"rotation":{"x":-0.6187893748283386,"y":-0.03132934123277664,"z":0.024693690240383149,"w":-0.7845741510391235},"size":25.021032333374025,"orthographic":false}