{"cameraMode":{"drawMode":0,"name":"Shaded","section":"Shading Mode"},"sceneLighting":true,"audioPlay":false,"sceneViewState":{"m_AlwaysRefresh":false,"showFog":true,"showSkybox":true,"showFlares":true,"showImageEffects":true,"showParticleSystems":true,"showVisualEffectGraphs":true,"m_FxEnabled":true},"in2DMode":false,"pivot":{"x":-0.009238719940185547,"y":-3.9363293647766115,"z":-9.193490028381348},"rotation":{"x":0.01843847520649433,"y":-0.8209001421928406,"z":0.5703334212303162,"w":0.026629475876688958},"size":11.504768371582032,"orthographic":false}