{"cameraMode":{"drawMode":0,"name":"Shaded","section":"Shading Mode"},"sceneLighting":false,"audioPlay":false,"sceneViewState":{"m_AlwaysRefresh":false,"showFog":true,"showSkybox":false,"showFlares":true,"showImageEffects":true,"showParticleSystems":true,"showVisualEffectGraphs":true,"m_FxEnabled":true},"in2DMode":false,"pivot":{"x":0.0889899730682373,"y":1.8674705028533936,"z":-0.025219440460205079},"rotation":{"x":0.08504518866539002,"y":-0.8670231103897095,"z":0.4647120535373688,"w":0.15888859331607819},"size":2.4800302982330324,"orthographic":false}