{"cameraMode":{"drawMode":0,"name":"Shaded","section":"Shading Mode"},"sceneLighting":false,"audioPlay":false,"sceneViewState":{"m_AlwaysRefresh":false,"showFog":true,"showSkybox":false,"showFlares":true,"showImageEffects":true,"showParticleSystems":true,"showVisualEffectGraphs":true,"m_FxEnabled":true},"in2DMode":false,"pivot":{"x":0.0022785067558288576,"y":0.6442009806632996,"z":0.0024324655532836916},"rotation":{"x":0.03524964302778244,"y":-0.9634776711463928,"z":0.21142515540122987,"w":0.16103702783584596},"size":1.0919123888015748,"orthographic":false}