{"cameraMode":{"drawMode":0,"name":"Shaded","section":"Shading Mode"},"sceneLighting":false,"audioPlay":false,"sceneViewState":{"m_AlwaysRefresh":false,"showFog":true,"showSkybox":false,"showFlares":true,"showImageEffects":true,"showParticleSystems":true,"showVisualEffectGraphs":true,"m_FxEnabled":true},"in2DMode":false,"pivot":{"x":0.2118992805480957,"y":1.7614682912826539,"z":-0.1082841157913208},"rotation":{"x":-0.016239477321505548,"y":0.8335288166999817,"z":-0.02451455593109131,"w":-0.5517159104347229},"size":6.142953395843506,"orthographic":false}