{"cameraMode":{"drawMode":0,"name":"Shaded","section":"Shading Mode"},"sceneLighting":false,"audioPlay":false,"sceneViewState":{"m_AlwaysRefresh":false,"showFog":true,"showSkybox":false,"showFlares":true,"showImageEffects":true,"showParticleSystems":true,"showVisualEffectGraphs":true,"m_FxEnabled":true},"in2DMode":false,"pivot":{"x":-0.0010789502412080765,"y":0.011462094262242318,"z":-0.003027159720659256},"rotation":{"x":-0.06512521952390671,"y":0.7009670734405518,"z":-0.06453109532594681,"w":-0.7073028087615967},"size":0.030021008104085923,"orthographic":false}