{"cameraMode":{"drawMode":0,"name":"Shaded","section":"Shading Mode"},"sceneLighting":false,"audioPlay":false,"sceneViewState":{"m_AlwaysRefresh":false,"showFog":true,"showSkybox":false,"showFlares":true,"showImageEffects":true,"showParticleSystems":true,"showVisualEffectGraphs":true,"m_FxEnabled":true},"in2DMode":false,"pivot":{"x":-0.0599520206451416,"y":1.5411124229431153,"z":0.11049556732177735},"rotation":{"x":0.00430858600884676,"y":-0.931606650352478,"z":0.3634832501411438,"w":0.011196168139576912},"size":3.6299288272857668,"orthographic":false}